file,source_url,retrieved_date,method,bytes,sha256
acs/ACSDP5Y2019.DP02-Column-Metadata.csv,https://data.census.gov/table/ACSDP5Y2019.DP02?g=010XX00US$31000M1,2026-10-01,unchanged member of public ZIP export,65736,46a0a454c591e26f36c433da5be0a82b7aff19a2160bae080cfdffcec0e3f6b3
acs/ACSDP5Y2019.DP02-Data.csv,https://data.census.gov/table/ACSDP5Y2019.DP02?g=010XX00US$31000M1,2026-10-01,unchanged member of public ZIP export,1670605,43283602338d7a0536af8160a5a66ef7f8f5090346afb0500a6755b61438005d
acs/ACSDP5Y2019.DP02-Table-Notes.txt,https://data.census.gov/table/ACSDP5Y2019.DP02?g=010XX00US$31000M1,2026-10-01,unchanged member of public ZIP export,10132,c2197cc2f41a4072849324aade4b0e70609494d6a8a68ae407ae914a5c69ec0c
acs/ACSDP5Y2019.DP03-Column-Metadata.csv,https://data.census.gov/table/ACSDP5Y2019.DP03?g=010XX00US$31000M1,2026-10-01,unchanged member of public ZIP export,76884,5181fb72506cef76f546d8c98c80a3dc2cf45605b8e30578f865cae373b7ac1d
acs/ACSDP5Y2019.DP03-Data.csv,https://data.census.gov/table/ACSDP5Y2019.DP03?g=010XX00US$31000M1,2026-10-01,unchanged member of public ZIP export,1527074,64e53455f35a6fb65f3629a56d912fd5f9a0bf475d20f28b8da6fecf43a85506
acs/ACSDP5Y2019.DP03-Table-Notes.txt,https://data.census.gov/table/ACSDP5Y2019.DP03?g=010XX00US$31000M1,2026-10-01,unchanged member of public ZIP export,11966,0dc0717f296f2bcb839c5e691f2a7656eecaadd2d2539ce83a5b50820181deab
acs/ACSDP5Y2024.DP02-Column-Metadata.csv,https://data.census.gov/table/ACSDP5Y2024.DP02?g=010XX00US$31000M1,2026-10-01,unchanged member of public ZIP export,67163,8caccf8857a861b82837a2f52f65a1c1322734e2cc83d4095dfefad25d8fdb99
acs/ACSDP5Y2024.DP02-Data.csv,https://data.census.gov/table/ACSDP5Y2024.DP02?g=010XX00US$31000M1,2026-10-01,unchanged member of public ZIP export,1690297,e37e5ad1b7d34467e5422b6b48aeec5b55589ce4705d409f86c25c2e9d5a30c0
acs/ACSDP5Y2024.DP02-Table-Notes.txt,https://data.census.gov/table/ACSDP5Y2024.DP02?g=010XX00US$31000M1,2026-10-01,unchanged member of public ZIP export,15403,b272f49f025f546868a9226f661b1804d9ff86779f4df3b8fdfc7fe67dfa5245
acs/ACSDP5Y2024.DP03-Column-Metadata.csv,https://data.census.gov/table/ACSDP5Y2024.DP03?g=010XX00US$31000M1,2026-10-01,unchanged member of public ZIP export,76804,1654a8f8aaed2a1b474f30cd28bc98fbc4649e4a589ea666ca4ed851c52ba034
acs/ACSDP5Y2024.DP03-Data.csv,https://data.census.gov/table/ACSDP5Y2024.DP03?g=010XX00US$31000M1,2026-10-01,unchanged member of public ZIP export,1536165,bbb0a5e7b08994483c9b1fe317953f1250ec6c2f489fb8e433d00a0e7447e25b
acs/ACSDP5Y2024.DP03-Table-Notes.txt,https://data.census.gov/table/ACSDP5Y2024.DP03?g=010XX00US$31000M1,2026-10-01,unchanged member of public ZIP export,12471,eb7c72866d868280db132f5b2f8886bd4750e1c47ebb4205cd72368afc6f1d4c
acs/acs5_dp02_metros_2019_2024.zip,https://data.census.gov/table/ACSDP5Y2024.DP02?g=010XX00US$31000M1,2026-10-01,public ZIP export (2019 and 2024),987332,41c3a68c9e9d7e577d4e045491cedbfc130d7cefe4b0065f198e17e41af07579
acs/acs5_dp03_metros_2019_2024.zip,https://data.census.gov/table/ACSDP5Y2024.DP03?g=010XX00US$31000M1,2026-10-01,public ZIP export (2019 and 2024),864843,b89bd08c5a3d56fe1ac9dfa9fbfe5aec25bc44f19e9bde283f90734021b2851a
bds/bds2023_msa_sec.csv,https://www2.census.gov/programs-surveys/bds/tables/time-series/2023/bds2023_msa_sec.csv,2026-10-01,original download,89784307,69f2040952dc73d1c02cf8363e24d9b680f0f52dbee337a7b317f9ead5f494f9
bds/bds2023_msa_sec_fzc.csv,https://www2.census.gov/programs-surveys/bds/tables/time-series/2023/bds2023_msa_sec_fzc.csv,2026-10-01,original download,256314214,adbf5f7c36eb55eebe6b61bc7602928bf868e74abec20a879a86f08ba61ebdda
cbp/cbp15msa.zip,https://www2.census.gov/programs-surveys/cbp/datasets/2015/cbp15msa.zip,2026-10-01,original download,7704532,46b61e09d7fe437e244e4459352568893f20c800422e5e6be778c3fd74ee403e
cbp/cbp16msa.zip,https://www2.census.gov/programs-surveys/cbp/datasets/2016/cbp16msa.zip,2026-10-01,original download,7607656,a85a41d96d6593882b7c8423475adc85748eabe67de9bd491668344999ccf169
cbp/cbp17msa.zip,https://www2.census.gov/programs-surveys/cbp/datasets/2017/cbp17msa.zip,2026-10-01,original download,7026077,18a1cc0a2b9cf3fd003d6e388b2e1760e4f39eb48649de5ad95ca22b9db13732
cbp/cbp18msa.zip,https://www2.census.gov/programs-surveys/cbp/datasets/2018/cbp18msa.zip,2026-10-01,original download,7246387,b5fbd1883215276b6ad0a005e2f9ef5a01ba3d95cf60c30c3391d7b637af707e
cbp/cbp19msa.zip,https://www2.census.gov/programs-surveys/cbp/datasets/2019/cbp19msa.zip,2026-10-01,original download,6195283,45bcf8c5b8aa5faa266d3ac11b1f280a43b9e7f166478d30f2115b325a7c627c
cbp/cbp20msa.zip,https://www2.census.gov/programs-surveys/cbp/datasets/2020/cbp20msa.zip,2026-10-01,original download,6185510,60a063b5e9ffe937a80e8f4e43ea14baee2d17cd5cdc0d90fc34fe783b51d762
cbp/cbp21msa.zip,https://www2.census.gov/programs-surveys/cbp/datasets/2021/cbp21msa.zip,2026-10-01,original download,6202250,b74be18ca813cd8bdfde8b2e18cdf35d901d8e83142b0a178f98e526ed9cfba7
cbp/cbp22msa.zip,https://www2.census.gov/programs-surveys/cbp/datasets/2022/cbp22msa.zip,2026-10-01,original download,7390031,6d3db5fa4eecfeedd6fb7ae9e0c0464c0fb4a9bd6e25f912709e30d19776f4d6
cbp/cbp23msa.zip,https://www2.census.gov/programs-surveys/cbp/datasets/2023/cbp23msa.zip,2026-10-01,original download,7070587,b7c3afe15351e525bd1c1498a06018946b8f5fc9f70b87e2fc6f6df8c84800a1
nc_grants/DOC_ED-Grants_Spreadsheet_01Oct25_asPublished-Web.xlsx,https://www.commerce.nc.gov/data-tools-reports/reports-policymakers/incentive-programs-reports/appendix-economic-development-grant-report/open,2026-10-01,original download,804148,5d1cb8067ec7b47dc0de6ba1bb1c85cf81a24026dc350b4130889058321cd2d9
nc_grants/economic_development_grant_report_2025.pdf,https://www.commerce.nc.gov/reports-policymakers/incentive-programs-reports/economic-development-grant-report/open,2026-10-01,original download,401725,28a64ef7c05c4ce3b02057ab0283608bcce4bfbe0dd3faccb928e2533b40c324
oews/datatype_definitions.json,https://data.bls.gov/OESServices/prefilter/datatype,2026-10-01,official public variable definitions,1443,d75db399146a566f36194adf4cc1a67acb2f931300bc99134f7359f3889dd25c
oews/footnote_definitions.json,https://data.bls.gov/OESServices/combo/footnote,2026-10-01,official public footnote definitions,1033,ae8e5517d049164f05096757e73a21403311a32a36cea4d878751725d8f2fcc4
oews/oews_may2025_12060.csv,https://data.bls.gov/oes/#/area/0012060/2025,2026-10-01,pivoted official JSON; trimmed whitespace; values and footnotes retained,230309,d98d4e823d96140dc8bb4854dcd11458fc12847687316276f05458229997dc6b
oews/oews_may2025_12060_raw.json,https://data.bls.gov/oes/#/area/0012060/2025,2026-10-01,official public metro-table JSON; request recorded in selected_metros_sources.json,4409229,2e3ddfc3f2ca08252e9afce4cc6e06b045d1f91180c84a88e491dab0a4fd2140
oews/oews_may2025_12420.csv,https://data.bls.gov/oes/#/area/0012420/2025,2026-10-01,pivoted official JSON; trimmed whitespace; values and footnotes retained,201521,5d0bb2623f1021075120ad5b8dff9607a887ac419abe096357121b52ef7c9f71
oews/oews_may2025_12420_raw.json,https://data.bls.gov/oes/#/area/0012420/2025,2026-10-01,official public metro-table JSON; request recorded in selected_metros_sources.json,3860097,f90da1a74a90e7a6191fd151b724e8d747a2005b5a157daff5ecabb78b77a743
oews/oews_may2025_16740.csv,https://data.bls.gov/oes/#/area/0016740/2025,2026-10-01,pivoted official JSON; trimmed whitespace; values and footnotes retained,221182,f0342b23ab45329c4330502bef3a02714d90aa76d94f5fbe19f0cfba20b824e4
oews/oews_may2025_16740_raw.json,https://data.bls.gov/oes/#/area/0016740/2025,2026-10-01,official public metro-table JSON; request recorded in selected_metros_sources.json,4236981,5ba370b9e8631539d63c349a8f2b65aaabf04a404c76f180bfd172eb4920bbf2
oews/oews_may2025_19100.csv,https://data.bls.gov/oes/#/area/0019100/2025,2026-10-01,pivoted official JSON; trimmed whitespace; values and footnotes retained,238204,e86102fa6c5d3b8dfa2ff6220927191ce7cfff85865069f0c59682f296dae630
oews/oews_may2025_19100_raw.json,https://data.bls.gov/oes/#/area/0019100/2025,2026-10-01,official public metro-table JSON; request recorded in selected_metros_sources.json,4562532,ef5642e120401e3a2e05436235c98cdf2ef5871f2c1c609a8a3d2e2ef3250b6f
oews/oews_may2025_19740.csv,https://data.bls.gov/oes/#/area/0019740/2025,2026-10-01,pivoted official JSON; trimmed whitespace; values and footnotes retained,214409,689a7be10d4fb2d701f08eece394ea2d63a1d5954fb81594824face2f908c7f5
oews/oews_may2025_19740_raw.json,https://data.bls.gov/oes/#/area/0019740/2025,2026-10-01,official public metro-table JSON; request recorded in selected_metros_sources.json,4110183,052b41ec6d277c47488367dd7e0988c232b6411f39511e83ab7aa7f282dc5c78
oews/oews_may2025_26420.csv,https://data.bls.gov/oes/#/area/0026420/2025,2026-10-01,pivoted official JSON; trimmed whitespace; values and footnotes retained,234682,baf75b29194db4cdd447ef8d4c3d75fedeb887f47d74d55d11ca4a2e6bf9bb47
oews/oews_may2025_26420_raw.json,https://data.bls.gov/oes/#/area/0026420/2025,2026-10-01,official public metro-table JSON; request recorded in selected_metros_sources.json,4487694,2411f8fc7116286405beeef82407ae1b24cce6a9a4a40194682b643e295fa0fe
oews/oews_may2025_34980.csv,https://data.bls.gov/oes/#/area/0034980/2025,2026-10-01,pivoted official JSON; trimmed whitespace; values and footnotes retained,214439,34ed8ae6d4516528494115b3551d2f2564cb2b0c721719aa7bda996f14db4250
oews/oews_may2025_34980_raw.json,https://data.bls.gov/oes/#/area/0034980/2025,2026-10-01,official public metro-table JSON; request recorded in selected_metros_sources.json,4088928,4b7a6022015646d33eb0157efad08a8f938b74cc2b32e0a21d67cb0c90ddf8c0
oews/oews_may2025_38060.csv,https://data.bls.gov/oes/#/area/0038060/2025,2026-10-01,pivoted official JSON; trimmed whitespace; values and footnotes retained,212080,e22f47bcb171a045f2b95f1b08a619e24d58ce0f2459966b887dff81e80b46f5
oews/oews_may2025_38060_raw.json,https://data.bls.gov/oes/#/area/0038060/2025,2026-10-01,official public metro-table JSON; request recorded in selected_metros_sources.json,4072890,92466c272629333666fd7ae33139f49d3483089ffb3465935d433c016ba4b2de
oews/oews_may2025_39580.csv,https://data.bls.gov/oes/#/area/0039580/2025,2026-10-01,pivoted official JSON; trimmed whitespace; values and footnotes retained,181829,0e23424fd59b422b943e6d303b3435d201af980688a4576d03ae353a8c47a2db
oews/oews_may2025_39580_raw.json,https://data.bls.gov/oes/#/area/0039580/2025,2026-10-01,official public metro-table JSON; request recorded in selected_metros_sources.json,3507454,fcaaa051a639018e7959c3e9bba048d90d78fd61c3f89a745949dd06cd52fb18
oews/oews_may2025_45300.csv,https://data.bls.gov/oes/#/area/0045300/2025,2026-10-01,pivoted official JSON; trimmed whitespace; values and footnotes retained,212594,57327cc2a6142a7b479bee3ff23aaee995bbda31fd3afc6c498ac920527aeabb
oews/oews_may2025_45300_raw.json,https://data.bls.gov/oes/#/area/0045300/2025,2026-10-01,official public metro-table JSON; request recorded in selected_metros_sources.json,4067253,67b3d3e9e83125942f93b8c4d97f6904634e7ebf2e9fd249addf28876b04107b
oews/oews_may2025_selected_metros.csv,https://www.bls.gov/oes/2025/may/oessrcma.htm,2026-10-01,concatenation of ten selected metro CSVs,2151223,c790584d1275c1463b780d203d146cc642e3663b889d3f639da4694c6eb78b56
oews/selected_metros_sources.json,https://www.bls.gov/oes/2025/may/oessrcma.htm,2026-10-01,metro selection and public request provenance,4516,21489d735e1e775b2fba51f5d434006b4cf9116cdd26904ec0da4d60321613e5
qcew/2015_annual_singlefile.zip,https://data.bls.gov/cew/data/files/2015/csv/2015_annual_singlefile.zip,2026-10-01,original download,77709022,7d520fdabf07f48b83b3596f8d969dd0ef45b3b2a4e42531c743d0108d1b8cc3
qcew/2016_annual_singlefile.zip,https://data.bls.gov/cew/data/files/2016/csv/2016_annual_singlefile.zip,2026-10-01,original download,77800376,29d62214a154b71a9b1b13b6e52bc927c39c2ed888f1a23d8cb2361bee9af7f8
qcew/2017_annual_singlefile.zip,https://data.bls.gov/cew/data/files/2017/csv/2017_annual_singlefile.zip,2026-10-01,original download,75553754,f0f6f86ebd3493d7b6ac1e6f0ef7f7f937d16ed0494d18a47fd78afa0a29e09d
qcew/2018_annual_singlefile.zip,https://data.bls.gov/cew/data/files/2018/csv/2018_annual_singlefile.zip,2026-10-01,original download,78126356,7a5f948c28ef7f5498bb3522d36c80eb6ca8fed1942159dc897286f648b6115e
qcew/2019_annual_singlefile.zip,https://data.bls.gov/cew/data/files/2019/csv/2019_annual_singlefile.zip,2026-10-01,original download,78411719,ce3b0bbab9098170cd7f646908e6dfa6181db4119edfdb21f80ae415be1eae29
qcew/2020_annual_singlefile.zip,https://data.bls.gov/cew/data/files/2020/csv/2020_annual_singlefile.zip,2026-10-01,original download,77441967,dbc9eea24a9dd1d7d5c011defba76e47f6d938b714933c851517e2737d02be44
qcew/2021_annual_singlefile.zip,https://data.bls.gov/cew/data/files/2021/csv/2021_annual_singlefile.zip,2026-10-01,original download,79217997,96fc23b5f16adeaed7a97ae4063bb59feda1471c635082c4ccdcd6c42882d209
qcew/2022_annual_singlefile.zip,https://data.bls.gov/cew/data/files/2022/csv/2022_annual_singlefile.zip,2026-10-01,original download,77024919,29f852b0f6405615b45e41d40e930d2e93dd8cecab505f8395b0ceb50061551d
qcew/2023_annual_singlefile.zip,https://data.bls.gov/cew/data/files/2023/csv/2023_annual_singlefile.zip,2026-10-01,original download,82932544,6284aff110a81196803c4f2ab8613a511838878d1763b8a1a8a21231200b8f61
qcew/2024_annual_singlefile.zip,https://data.bls.gov/cew/data/files/2024/csv/2024_annual_singlefile.zip,2026-10-01,original download,74697761,334ac1ec9101f516ed9698859a165666c6f6d08a51b35cb5fc1e1bf62e06b0da
qcew/2025_annual_singlefile.zip,https://data.bls.gov/cew/data/files/2025/csv/2025_annual_singlefile.zip,2026-10-01,original download,62799396,94ebbc589b1b500671c1fd507e2589a9eeb24dcd30eb07f1ce37b0018643f865
real_estate/atlanta_industrial_marketbeat_q4_2025.pdf,https://assets.cushmanwakefield.com/-/media/cw/marketbeat-pdfs/2025/q4/us-reports/industrial/atlanta_americas_marketbeat_industrial_q42025.pdf?rev=3fb13476c97f4d109899c81769a078dc,2026-10-01,original download,615137,da72384e77b24bdd90e43a8d75cc2908533b09bd0d94afa484e84a8c2e09f06e
real_estate/atlanta_office_marketbeat_q4_2025.pdf,https://assets.cushmanwakefield.com/-/media/cw/marketbeat-pdfs/2025/q4/us-reports/office/atlanta_americas_marketbeat_office_q42025.pdf?rev=b6ffd4155e06463fa6d635e359e7796a,2026-10-01,original download,624550,e38bbef9bcd52121c959d5471d51e457830e751e722aa09bf25bbb315dd4303f
real_estate/us_industrial_marketbeat_q4_2025.pdf,https://assets.cushmanwakefield.com/-/media/cw/marketbeat-pdfs/2025/q4/us-reports/national/q42025usindustrialmarketbeat.pdf?rev=5654cc1c71b744f0b68e52475c66d741,2026-10-01,original download,245611,4155c5b11fa7c9c4b9d74df43baaccf7f9bdf667bf8cbbe5a3c248799aa7d8a3
real_estate/us_office_marketbeat_q4_2025.pdf,https://assets.cushmanwakefield.com/-/media/cw/marketbeat-pdfs/2025/q4/us-reports/national/q4-2025-office-marketbeat.pdf?rev=c53c59265b134d73b833b50c04237e6c,2026-10-01,original download,478168,1f0481629bec3531fe6c5f9f81b0b937068f00e6008057f3c9c242cbbabc9470
warn/SOURCE_README.md,https://raw.githubusercontent.com/APVentureEngine/warn-act-notices/main/README.md,2026-10-01,original download,36892,9a4f71f46a01de259be6cdfb81b5927d9d7ae3c6dee94f3991b6a3495fd9a142
warn/coverage.json,https://approjects-warn-act-notices.static.hf.space/data/coverage.json,2026-10-01,original download,11104,438215f48eb7166c1e071bef96ba2a613a8778705fc62c85b8f1cfddd0346836
warn/warn_notices.csv,https://raw.githubusercontent.com/APVentureEngine/warn-act-notices/main/data/warn_notices.csv,2026-10-01,original download,9358746,b06804306278b3be795fa9e9790cf1655c6eed4fd1f185da310b6d1a72836345
